sheet_name;last_name;first_name;hire_date;sector_code;contract_type;is_inactive;weekly_hours_lu;weekly_hours_ma;weekly_hours_me;weekly_hours_je;weekly_hours_ve;full_time_hours;notes;raw_header
BIOUCAS Lidia;BIOUCAS;Lidia;;ACCUEIL;CDI;false;8;8;8;8;6;38;RTT=192h; CA=149h09; VS=29h49;BIOUCAS Lidia
BLOIN Chloé;BLOIN;Chloé;;ACCUEIL;CDI;false;8;8;7h36;8;6h24;38;CA=121h36; VS=24h19; Fin CP 31/05/26;BLOIN Chloé
BOUZRATI Chaïmae;BOUZRATI;Chaïmae;2009-09-20;ACCUEIL;CDI;false;8;8;8;8;6;38;CA=131h02; VS=26h12; Accouchement 05/03/26;BOUZRATI Chaïmae
CZAPNIK Deborah;CZAPNIK;Deborah;2002-06-01;KINE;CDI;false;9h30;9;5;9h30;5;38;CA=152h; RTT=64h; VS=30h24;CZAPNIK Deborah 01-06-2002 KIN
DELEM Françoise;DELEM;Françoise;1984-11-08;KINE;;true;3h30;3;3h30;3;;13;Fin contrat; Contrat flexi 01-31/01/26;DELEM Franç 110124-290324
ESSENGUE Marthe;ESSENGUE;Marthe;;KINE;CDI;false;9h30;9h30;9h30;5h30;4h30;38;CA=152h; VS=30h24; RTT=288h;ESSENGUE Marthe
GHADDIH Naïma;GHADDIH;Naïma;2011-09-01;;CDI;false;7;6;6.5;6.5;7;33;Mi-temps fin 6/1/27; CA=76h; VS=15h12;GHADDIH Naïma 01-09-2011
GORRENDIAYE Adjuah;GORRENDIAYE;Adjuah;2015-03-27;ACCUEIL;CDI;false;8;5h30;8h30;8h24;;30h24;CA=121h36; VS=24h19; RTT=153h36;GORRENDIAYE Adjuah 27-03-2015
HUIJSKENS Cindy;HUIJSKENS;Cindy;;;CDI;false;7h36;8;8h30;7h15;6h39;38;CA=119h53; VS=23h58; Crédit temps fin 31/05/2027;HUIJSKENS Cindy
HUNIN Chloé;HUNIN;Chloé;2018-01-01;KINE;CDI;false;8h30;5h30;8h30;7;8h30;38;CA=147h59; VS=29h35;HUNIN Chloé
IBOUANGA Dominique;IBOUANGA;Dominique;2020-04-01;ACCUEIL;CDI;false;7h40;5h40;7h40;7h40;6h20;35;CA=133h19; VS=10h40(26h39/35*14);IBOUANGA Dominique 010420
IOVAN Carmen;IOVAN;Carmen;2024-01-02;KINE;CDI;false;8;8;5;9;8;38;CA=151h31; VS=30h18; RTT=96h;IOVAN Carmen 020124
KABANGU Céline;KABANGU;Céline;2019-10-01;INF;CDI;false;8h40;8h40;;8h40;9;35;CA=140h; VS=28h; Accouchement 06/02; CP àp 25/6;KABANGU Céline 011019
LACROIX Astrid;LACROIX;Astrid;;MG;CDI;false;7h36;9h30;3h09;9h30;8h15;38;CA=121h59; VS=24h19; Préavis 3/8-31/10;LACROIX Astrid
MARCHAL Neal;MARCHAL;Neal;;KINE;CDI;false;8;7;9;7h30;6h30;38;CA=137h20; VS=27h27;MARCHAL Neal
OUCHENE Rachida;OUCHENE;Rachida;;;CDI;false;8;8;8;8;6;38;CA=0; VS=0; RTT=6h20/mois; Reprise après maladie longue;OUCHENE Rachida
OULAD Bouchra;OULAD;Bouchra;2011-05-16;ADMIN;CDI;false;7h45;7h45;7h30;7h45;7h15;38;CA=152h; VS=30h24;OULAD Bouchra 16-05-2011
SIBOMANA Alphonse;SIBOMANA;Alphonse;2002-11-04;KINE;CDI;false;9;4h30;8;8h30;8;38;CA=152h; VS=205h12; RTT=152h;SIBOMANA Alphonse
SOLLAMI Graziella;SOLLAMI;Graziella;;KINE;CDI;false;4;5h30;9h30;9h30;9h30;38;CA=152h; RTT=24h(01)+132h(àp 1/2); Je+Ve only àp 1/2;SOLLAMI Graziella
STEFANIDIS Athanasia;STEFANIDIS;Athanasia;2021-10-01;ACCUEIL;CDI;true;7h30;7;7h36;8h30;7h24;38;CA=93h38; VS=18h43; Démission; Fin préavis 05/04/26;STEFANIDIS Ath CDI011021-050426
RWAB Janvière;RWABUKARAME;Janvière;2020-02-11;ACCUEIL;CDI;false;8;8;7;8;7;38;CA=152h; VS=30h24; RTT cocof 1h36/mois+6h24 FP àp 1/4;RWAB Janvière 11-02-20
NSABIYUMVA Marie-Rose;NSABIYUMVA;Marie-Rose;;INF;CDI;false;5;9;8;8;8;38;CA=152h; VS=30h24; RTT=192h;NSABIYUMVA Marie-Rose
SALVERIUS Nancy;SALVERIUS;Nancy;2023-07-03;KINE;CDI;false;8;8;9;8;5;38;CA=152h; VS=30h24; RTT=288h;SALVERIUS Nancy 030723
HOUSSEIN Fardoussa;HOUSSEIN;Fardoussa;2021-07-01;ACCUEIL;CDI;false;8;7h36;7h54;6h30;8;38;CA=128h41; VS=25h44; RTT=72h;HOUSSEIN ARDEYEH FARD 01-07-21
LE BOEDEC Bleuenn;LE BOEDEC;Bleuenn;2024-09-09;KINE;CDD;false;7h30;6;6;4h30;8;32;CA=126h10; VS=25h14; Fin CDD 8/9/26;LE BOEDEC Bleuenn 090924
MALOENS Emilie;MALOENS;Emilie;2021-11-01;MG;CDI;false;8;7;6;8;6;35;CA=139h55; VS=27h59; Maladie longue; Mutuelle àp 28/02/26;MALOENS Emilie 011121
EL NAEB Allae;EL NAEB;Allae;2024-10-06;KINE;CDD;false;7;8;8;8;7;38;CA=36h42; VS=7h20; VE=76h; Fin CDD 05/10/26;EL NAEB Allae CDD061025
DE SAN Diane;DE SAN;Diane;2022-05-01;KINE;CDI;false;8;7h30;7h24;7h30;6;36.4;CA=121h36; VS=24h19; CP fin 02/05/27;DE SAN Dia 1-5-22
MOHAM ABDIR Arafo;MOHAM ABDIR;Arafo;2023-08-23;ACCUEIL;CDI;false;8;8;6;8;8;38;CA=151h48; VS=30h21;MOHAM ABDIR Arafo 23-8
PANYANDY Shanti;PANYANDY;Shanti;2024-12-11;ACCUEIL;CDD;false;8;8;8;8;6;38;CA=149h21; VS=29h52; Fin CDD 31/07/26;PANYANDY Shanti 111224-310726
ION Roxana;ION;Roxana;2022-10-03;MG;CDI;false;9;6;9;6h30;7h30;38;CA=152h; VS=30h24; Écartement 16/3-23/7; Accouchement 15/7;ION Roxana 031022
NICA Valeria;NICA;Valeria;2023-02-16;INF;CDI;false;8h30;8;4h30;9;;30;CA=119h53; VS=23h58;NICA Valeria 160223
YAVAS Fadime;YAVAS;Fadime Nur;2024-04-12;ACCUEIL;CDR;false;8;8;6;8;6;36;CA=120h; VJ=6h;YAVAS Fadime Nur 12-04-24
ZBIRNEA S;ZBIRNEA;S;2021-06-21;;CDI;true;8;8;8;6h30;7h30;38;Fin contrat 30/4 rupture commun accord;ZBIRNEA S CDI 21-6-21-300426
ELOUEHABI Chaimae;ELOUEHABI;Chaimae;;ACCUEIL;CDD;false;8;7;5;8;;28;CDD prolongé au 30/06/26; CA=83h31; VS=16h42;ELOUEHABI Chaimae 0104-3006
